date,cash,positions_value,equity,drawdown
2024-01-02,100000.0,0.0,100000.0,0.0
2024-01-03,247.83376799999678,99383.48000000001,99631.313768,0.0036868623199999275
2024-01-04,247.83376799999678,99063.36,99311.193768,0.006888062320000026
2024-01-05,247.83376799999678,99199.04000000001,99446.873768,0.0055312623199999505
2024-01-08,247.83376799999678,100615.20000000001,100863.03376800001,0.0
2024-01-09,247.83376799999678,100462.56,100710.393768,0.001513339370210782
2024-01-10,247.83376799999678,101030.72,101278.553768,0.0
2024-01-11,247.83376799999678,100986.20000000001,101234.03376800001,0.0004395797367127894
2024-01-12,247.83376799999678,101056.16,101303.993768,0.0
2024-01-16,247.83376799999678,100685.16,100932.993768,0.003662244559179382
2024-01-17,247.83376799999678,100125.48000000001,100373.313768,0.009187002065598495
2024-01-18,247.83376799999678,101015.88,101263.713768,0.00039761512356803567
2024-01-19,247.83376799999678,102275.16,102522.993768,0.0
2024-01-22,247.83376799999678,102491.4,102739.23376799999,0.0
2024-01-23,247.83376799999678,102790.32,103038.153768,0.0
2024-01-24,247.83376799999678,102902.68,103150.51376799999,0.0
2024-01-25,247.83376799999678,103462.36,103710.193768,0.0
2024-01-26,247.83376799999678,103330.92,103578.753768,0.001267377826851177
2024-01-29,247.83376799999678,104149.23999999999,104397.07376799999,0.0
2024-01-30,247.83376799999678,104068.68,104316.51376799999,0.0007716691387253336
2024-01-31,247.83376799999678,102370.56,102618.393768,0.01703764229975187
2024-02-01,247.83376799999678,103710.4,103958.23376799999,0.004203566097793353
2024-02-02,247.83376799999678,104802.20000000001,105050.03376800001,0.0
2024-02-05,247.83376799999678,104420.6,104668.433768,0.003632554758076123
2024-02-06,247.83376799999678,104723.76000000001,104971.593768,0.0007466918113823249
2024-02-07,247.83376799999678,105597.20000000001,105845.03376800001,0.0
2024-02-08,247.83376799999678,105643.84,105891.673768,0.0
2024-02-09,247.83376799999678,106254.4,106502.23376799999,0.0
2024-02-12,247.83376799999678,106207.76000000001,106455.593768,0.0004379250871074074
2024-02-13,247.83376799999678,104744.95999999999,104992.79376799999,0.014172848273662534
2024-02-14,247.83376799999678,105696.84,105944.673768,0.0052351953595129565
2024-02-15,247.83376799999678,106426.12,106673.95376799999,0.0
2024-02-16,247.83376799999678,105896.12,106143.95376799999,0.004968410575206308
2024-02-20,247.83376799999678,105313.12,105560.95376799999,0.010433662207933249
2024-02-21,247.83376799999678,105408.51999999999,105656.35376799999,0.009539348304396168
2024-02-22,247.83376799999678,107590.0,107837.833768,0.0
2024-02-23,247.83376799999678,107664.20000000001,107912.03376800001,0.0
2024-02-26,247.83376799999678,107269.88,107517.713768,0.0036540873731261076
2024-02-27,247.83376799999678,107469.16,107716.993768,0.001807398055524785
2024-02-28,247.83376799999678,107327.12,107574.95376799999,0.0031236553350917685
2024-02-29,247.83376799999678,107712.95999999999,107960.79376799999,0.0
2024-03-01,247.83376799999678,108724.20000000001,108972.03376800001,0.0
2024-03-04,247.83376799999678,108607.59999999999,108855.43376799999,0.0010699993013644235
2024-03-05,247.83376799999678,107522.16,107769.993768,0.01103072007042775
2024-03-06,247.83376799999678,108067.0,108314.833768,0.006030905153143986
2024-03-07,247.83376799999678,109139.71999999999,109387.55376799998,0.0
2024-03-08,247.83376799999678,108484.64,108732.473768,0.005988615499980428
2024-03-11,247.83376799999678,108391.36,108639.193768,0.0068413633381653495
2024-03-12,247.83376799999678,109557.36,109805.193768,0.0
2024-03-13,247.83376799999678,109385.64,109633.473768,0.0015638604523827606
2024-03-14,247.83376799999678,109169.40000000001,109417.233768,0.0035331662072350277
2024-03-15,247.83376799999678,108083.95999999999,108331.79376799999,0.01341830881982738
2024-03-18,247.83376799999678,108726.32,108974.153768,0.007568312312765843
2024-03-19,247.83376799999678,109330.52,109578.353768,0.0020658403506784158
2024-03-20,247.83376799999678,110341.76000000001,110589.593768,0.0
2024-03-21,247.83376799999678,110706.40000000001,110954.233768,0.0
2024-03-22,247.83376799999678,110496.52,110744.353768,0.0018915907295511923
2024-03-25,247.83376799999678,110191.23999999999,110439.07376799999,0.004642995427080259
2024-03-26,247.83376799999678,109987.71999999999,110235.55376799998,0.006477265225432926
2024-03-27,247.83376799999678,110912.04,111159.87376799999,0.0
2024-03-28,247.83376799999678,110890.84000000001,111138.67376800001,0.00019071630149768541
2024-04-01,247.83376799999678,110697.92,110945.753768,0.0019262346451281674
2024-04-02,247.83376799999678,109994.08,110241.913768,0.008258015854856507
2024-04-03,247.83376799999678,110114.92,110362.753768,0.007170932936318836
2024-04-04,247.83376799999678,108770.84000000001,109018.67376800001,0.019262346451281935
2024-04-05,247.83376799999678,109907.15999999999,110154.99376799999,0.009039952690997777
2024-04-08,247.83376799999678,109968.64,110216.473768,0.008486875416653938
2024-04-09,247.83376799999678,110095.84000000001,110343.67376800001,0.007342577607666779
2024-04-10,247.83376799999678,108993.44,109241.273768,0.017259825285554666
2024-04-11,247.83376799999678,109816.0,110063.833768,0.0098600327874384
2024-04-12,247.83376799999678,108300.20000000001,108548.03376800001,0.023496248344534034
2024-04-15,247.83376799999678,106943.4,107191.23376799999,0.03570209164039611
2024-04-16,247.83376799999678,106748.36,106996.193768,0.0374566816141762
2024-04-17,247.83376799999678,106116.6,106364.433768,0.04314002739881186
2024-04-18,247.83376799999678,105898.23999999999,106146.07376799999,0.04510440530423978
2024-04-19,247.83376799999678,104973.92,105221.753768,0.053419636049545645
2024-04-22,247.83376799999678,105940.64,106188.473768,0.044722972701244014
2024-04-23,247.83376799999678,107197.79999999999,107445.63376799999,0.03341349602242205
2024-04-24,247.83376799999678,107146.92,107394.753768,0.033871215146016785
2024-04-25,247.83376799999678,106739.88,106987.713768,0.0375329681347753
2024-04-26,247.83376799999678,107751.12,107998.95376799999,0.0284358005533283
2024-04-29,247.83376799999678,108132.72,108380.553768,0.025002907126367085
2024-04-30,247.83376799999678,106419.76000000001,106667.593768,0.040412784287392686
2024-05-01,247.83376799999678,106074.20000000001,106322.03376800001,0.043521460001807497
2024-05-02,247.83376799999678,107066.36,107314.193768,0.034595937091708565
2024-05-03,247.83376799999678,108393.48000000001,108641.313768,0.022657096617943538
2024-05-06,247.83376799999678,109512.84000000001,109760.67376800001,0.012587275898857449
2024-05-07,247.83376799999678,109633.68,109881.51376799999,0.011500192980319908
2024-05-08,247.83376799999678,109644.28000000001,109892.11376800001,0.011404834829570804
2024-05-09,247.83376799999678,110276.04,110523.87376799999,0.005721489044935275
2024-05-10,247.83376799999678,110418.08,110665.913768,0.004443689824899657
2024-05-13,247.83376799999678,110432.92,110680.753768,0.0043101884138511985
2024-05-14,247.83376799999678,110939.59999999999,111187.43376799999,0.0
2024-05-15,247.83376799999678,112313.36,112561.193768,0.0
2024-05-16,247.83376799999678,112082.28000000001,112330.11376800001,0.002052927765462993
2024-05-17,247.83376799999678,112243.40000000001,112491.233768,0.000621528589543804
2024-05-20,247.83376799999678,112372.71999999999,112620.55376799998,0.0
2024-05-21,247.83376799999678,112648.32,112896.153768,0.0
2024-05-22,247.83376799999678,112323.96,112571.793768,0.002873082821462242
2024-05-23,247.83376799999678,111503.52,111751.353768,0.010140292311043214
2024-05-24,247.83376799999678,112241.28000000001,112489.11376800001,0.0036054372661486326
2024-05-28,247.83376799999678,112319.71999999999,112567.55376799998,0.002910639459651466
2024-05-29,247.83376799999678,111533.20000000001,111781.03376800001,0.009877395843719806
2024-05-30,247.83376799999678,110793.32,111041.153768,0.01643102920770887
2024-05-31,247.83376799999678,111802.44,112050.273768,0.007492549318715286
2024-06-03,247.83376799999678,111893.59999999999,112141.43376799999,0.006685081597650834
2024-06-04,247.83376799999678,112018.68,112266.51376799999,0.005577160771073878
2024-06-05,247.83376799999678,113350.04,113597.87376799999,0.0
2024-06-06,247.83376799999678,113347.92,113595.753768,1.866232113045533e-05
2024-06-07,247.83376799999678,113210.12,113457.95376799999,0.0012317131946127419
2024-06-10,247.83376799999678,113559.92,113807.753768,0.0
2024-06-11,247.83376799999678,113833.40000000001,114081.233768,0.0
2024-06-12,247.83376799999678,114768.32,115016.153768,0.0
2024-06-13,247.83376799999678,114999.40000000001,115247.233768,0.0
2024-06-14,247.83376799999678,115069.36,115317.193768,0.0
2024-06-17,247.83376799999678,115985.20000000001,116233.03376800001,0.0
2024-06-18,247.83376799999678,116279.88,116527.713768,0.0
2024-06-20,247.83376799999678,115964.0,116211.833768,0.0027107714532948243
2024-06-21,247.83376799999678,115436.12,115683.95376799999,0.00724085260678749
2024-06-24,247.83376799999678,115060.88,115308.713768,0.01046103077613759
2024-06-25,247.83376799999678,115503.96,115751.793768,0.006658673502724086
2024-06-26,247.83376799999678,115648.12,115895.95376799999,0.0054215429065896485
2024-06-27,247.83376799999678,115830.44,116078.273768,0.0038569365644194444
2024-06-28,247.83376799999678,115374.64,115622.473768,0.007768452419844829
2024-07-01,247.83376799999678,115612.08,115859.913768,0.005730825555623226
2024-07-02,247.83376799999678,116390.12,116637.95376799999,0.0
2024-07-03,247.83376799999678,116909.52,117157.353768,0.0
2024-07-05,247.83376799999678,117583.68,117831.51376799999,0.0
2024-07-08,247.83376799999678,117719.36,117967.193768,0.0
2024-07-09,247.83376799999678,117833.84000000001,118081.67376800001,0.0
2024-07-10,247.83376799999678,118999.84000000001,119247.67376800001,0.0
2024-07-11,247.83376799999678,117973.76000000001,118221.593768,0.008604612296221994
2024-07-12,247.83376799999678,118717.88,118965.713768,0.002364490569003201
2024-07-15,247.83376799999678,119044.36,119292.193768,0.0
2024-07-16,247.83376799999678,119750.32,119998.153768,0.0
2024-07-17,247.83376799999678,118071.28000000001,118319.11376800001,0.013992215273963193
2024-07-18,247.83376799999678,117163.92,117411.753768,0.021553664942216184
2024-07-19,247.83376799999678,116385.88,116633.713768,0.028037431363358192
2024-07-22,247.83376799999678,117585.79999999999,117833.63376799999,0.01803794418524823
2024-07-23,247.83376799999678,117401.36,117649.193768,0.01957496783276682
2024-07-24,247.83376799999678,114740.76000000001,114988.593768,0.04174697562168578
2024-07-25,247.83376799999678,114142.92,114390.753768,0.04672905227226369
2024-07-26,247.83376799999678,115421.28000000001,115669.11376800001,0.03607588837049609
2024-07-29,247.83376799999678,115489.12,115736.95376799999,0.035510546339225006
2024-07-30,247.83376799999678,114904.0,115151.833768,0.04038662135893943
2024-07-31,247.83376799999678,116771.71999999999,117019.55376799998,0.024822048560503154
2024-08-01,247.83376799999678,115118.12,115365.95376799999,0.03860226057273961
2024-08-02,247.83376799999678,112974.79999999999,113222.63376799999,0.05646353537321548
2024-08-05,247.83376799999678,109684.56,109932.393768,0.08388262388987065
2024-08-06,247.83376799999678,110695.79999999999,110943.63376799999,0.07545549423623378
2024-08-07,247.83376799999678,109955.92,110203.753768,0.08162125576478568
2024-08-08,247.83376799999678,112497.79999999999,112745.63376799999,0.0604385965305914
2024-08-09,247.83376799999678,112993.88,113241.713768,0.05630453292692031
2024-08-12,247.83376799999678,113053.23999999999,113301.07376799999,0.055809858649558085
2024-08-13,247.83376799999678,114912.48,115160.31376799999,0.04031595360503056
2024-08-14,247.83376799999678,115275.0,115522.833768,0.037294907125424825
2024-08-15,247.83376799999678,117250.84000000001,117498.67376800001,0.0208293204646498
2024-08-16,247.83376799999678,117513.71999999999,117761.55376799998,0.01863862009347394
2024-08-19,247.83376799999678,118637.32,118885.153768,0.00927514270054382
2024-08-20,247.83376799999678,118444.40000000001,118692.233768,0.0108828341019714
2024-08-21,247.83376799999678,118851.44,119099.273768,0.007490781914343999
2024-08-22,247.83376799999678,117918.64,118166.473768,0.015264234844323606
2024-08-23,247.83376799999678,119171.56,119419.393768,0.004823074204282863
2024-08-26,247.83376799999678,118887.48,119135.31376799999,0.007190443960231205
2024-08-27,247.83376799999678,119050.71999999999,119298.55376799998,0.005830089697484856
2024-08-28,247.83376799999678,118359.59999999999,118607.43376799999,0.011589511641060597
2024-08-29,247.83376799999678,118370.20000000001,118618.03376800001,0.011501176948674297
2024-08-30,247.83376799999678,119500.15999999999,119747.99376799999,0.0020846987403128564
2024-09-03,247.83376799999678,117040.96,117288.793768,0.022578347373895243
2024-09-04,247.83376799999678,116801.40000000001,117049.233768,0.0245747114218218
2024-09-05,247.83376799999678,116517.32,116765.153768,0.026942081177770142
2024-09-06,247.83376799999678,114556.32,114804.153768,0.04328399926920449
2024-09-09,247.83376799999678,115838.92,116086.753768,0.03259550149048264
2024-09-10,247.83376799999678,116343.48,116591.31376799999,0.028390770132902792
2024-09-11,247.83376799999678,117537.04,117784.87376799999,0.01844428377022439
2024-09-12,247.83376799999678,118527.08,118774.913768,0.010193823501359632
2024-09-13,247.83376799999678,119146.12,119393.95376799999,0.005035077466009599
2024-09-16,247.83376799999678,119322.08,119569.913768,0.003568721572399761
2024-09-17,247.83376799999678,119370.84000000001,119618.67376800001,0.0031623819874234778
2024-09-18,247.83376799999678,119016.79999999999,119264.63376799999,0.006112760713120463
2024-09-19,247.83376799999678,121047.76000000001,121295.593768,0.0
2024-09-20,247.83376799999678,120469.0,120716.833768,0.004771484124204821
2024-09-23,247.83376799999678,120770.04,121017.87376799999,0.00228961326106541
2024-09-24,247.83376799999678,121115.59999999999,121363.43376799999,0.0
2024-09-25,247.83376799999678,120848.48,121096.31376799999,0.00220099243822176
2024-09-26,247.83376799999678,121327.59999999999,121575.43376799999,0.0
2024-09-27,247.83376799999678,121151.64,121399.473768,0.0014473318708101248
2024-09-30,247.83376799999678,121637.12,121884.95376799999,0.0
2024-10-01,247.83376799999678,120547.44,120795.273768,0.008940233936291491
2024-10-02,247.83376799999678,120598.32,120846.153768,0.008522791106581343
2024-10-03,247.83376799999678,120377.84000000001,120625.67376800001,0.010331710035325124
2024-10-04,247.83376799999678,121471.76000000001,121719.593768,0.0013566891965577468
2024-10-07,247.83376799999678,120373.59999999999,120621.43376799999,0.01036649693780113
2024-10-08,247.83376799999678,121512.04,121759.87376799999,0.001026213623037371
2024-10-09,247.83376799999678,122353.68,122601.51376799999,0.0
2024-10-10,247.83376799999678,122139.56,122387.393768,0.0017464710950076574
2024-10-11,247.83376799999678,122870.96,123118.793768,0.0
2024-10-14,247.83376799999678,123875.84000000001,124123.67376800001,0.0
2024-10-15,247.83376799999678,122913.36,123161.193768,0.00775420168274253
2024-10-16,247.83376799999678,123447.59999999999,123695.43376799999,0.0034501073566388686
2024-10-17,247.83376799999678,123458.20000000001,123706.03376800001,0.003364708659692202
2024-10-18,247.83376799999678,123933.08,124180.913768,0.0
2024-10-21,247.83376799999678,123729.56,123977.393768,0.0016388991981507617
2024-10-22,247.83376799999678,123663.84000000001,123911.67376800001,0.00216812706422016
2024-10-23,247.83376799999678,122533.88,122781.713768,0.011267431987286237
2024-10-24,247.83376799999678,122798.88,123046.713768,0.009133448656360808
2024-10-25,247.83376799999678,122756.48,123004.31376799999,0.009474885989308948
2024-10-28,247.83376799999678,123135.96,123383.793768,0.006419021859423651
2024-10-29,247.83376799999678,123335.23999999999,123583.07376799999,0.004814266394567855
2024-10-30,247.83376799999678,122962.12,123209.95376799999,0.00781891492451082
2024-10-31,247.83376799999678,120551.68,120799.51376799999,0.027229627302608535
2024-11-01,247.83376799999678,121060.48,121308.31376799999,0.02313237930723169
2024-11-04,247.83376799999678,120799.71999999999,121047.55376799998,0.025232218904862384
2024-11-05,247.83376799999678,122260.40000000001,122508.233768,0.013469702784801247
2024-11-06,247.83376799999678,125300.48,125548.31376799999,0.0
2024-11-07,247.83376799999678,126269.32,126517.153768,0.0
2024-11-08,247.83376799999678,126816.28000000001,127064.11376800001,0.0
2024-11-11,247.83376799999678,126937.12,127184.95376799999,0.0
2024-11-12,247.83376799999678,126542.79999999999,126790.63376799999,0.0031003667361415416
2024-11-13,247.83376799999678,126604.28000000001,126852.11376800001,0.0026169762235171345
2024-11-14,247.83376799999678,125790.20000000001,126038.03376800001,0.009017733356196347
2024-11-15,247.83376799999678,124179.0,124426.833768,0.021685898514624016
2024-11-18,247.83376799999678,124687.79999999999,124935.63376799999,0.01768542530669961
2024-11-19,247.83376799999678,125143.59999999999,125391.43376799999,0.01410166805793389
2024-11-20,247.83376799999678,125186.0,125433.833768,0.01376829529060678
2024-11-21,247.83376799999678,125858.04,126105.87376799999,0.008484336928473222
2024-11-22,247.83376799999678,126248.12,126495.95376799999,0.005417307469064426
2024-11-25,247.83376799999678,126676.36,126924.193768,0.0020502425190612643
2024-11-26,247.83376799999678,127337.79999999999,127585.63376799999,0.0
2024-11-27,247.83376799999678,126951.96,127199.793768,0.0030241649361681918
2024-11-29,247.83376799999678,127740.59999999999,127988.43376799999,0.0
2024-12-02,247.83376799999678,127969.56,128217.393768,0.0
2024-12-03,247.83376799999678,128028.92,128276.753768,0.0
2024-12-04,247.83376799999678,128823.92,129071.753768,0.0
2024-12-05,247.83376799999678,128611.92,128859.753768,0.0016424972452226795
2024-12-06,247.83376799999678,128855.71999999999,129103.55376799998,0.0
2024-12-09,247.83376799999678,128192.15999999999,128439.99376799999,0.00513975007374638
2024-12-10,247.83376799999678,127793.59999999999,128041.43376799999,0.008226884303344837
2024-12-11,247.83376799999678,128781.52,129029.353768,0.000574732436361283
2024-12-12,247.83376799999678,128117.96,128365.793768,0.0057144825101076635
2024-12-13,247.83376799999678,128092.52,128340.353768,0.005911533631145882
2024-12-16,247.83376799999678,128639.48,128887.31376799999,0.0016749345288246326
2024-12-17,247.83376799999678,128109.48,128357.31376799999,0.005780166217120478
2024-12-18,247.83376799999678,124291.36,124539.193768,0.03535425529960371
2024-12-19,247.83376799999678,124253.20000000001,124501.03376800001,0.03564983198116092
2024-12-20,247.83376799999678,125323.79999999999,125571.63376799999,0.0273572639708035
2024-12-23,247.83376799999678,126074.28000000001,126322.11376800001,0.021544255900176387
2024-12-24,247.83376799999678,127475.59999999999,127723.43376799999,0.010690023316322345
2024-12-26,247.83376799999678,127484.08,127731.913768,0.01062433960930953
2024-12-27,247.83376799999678,126142.12,126389.95376799999,0.02101878624407466
2024-12-30,247.83376799999678,124702.64,124950.473768,0.03216859550948614
2024-12-31,247.83376799999678,124248.96,124496.793768,0.03568267383466733
2025-01-02,247.83376799999678,123943.68,124191.51376799999,0.03804728728712584
2025-01-03,247.83376799999678,125493.40000000001,125741.233768,0.02604358983054867
2025-01-06,247.83376799999678,126216.32,126464.153768,0.02044405380771315
2025-01-07,247.83376799999678,124789.56,125037.393768,0.03149533751260564
2025-01-08,247.83376799999678,124971.88,125219.713768,0.030083137811831813
2025-01-10,247.83376799999678,123063.88,123311.713768,0.04486197188969686
2025-01-13,247.83376799999678,123254.68,123502.51376799999,0.04338408848191044
2025-01-14,247.83376799999678,123424.28000000001,123672.11376800001,0.042070414341655614
2025-01-15,247.83376799999678,125669.36,125917.193768,0.024680652910034514
2025-01-16,247.83376799999678,125427.68,125675.51376799999,0.026552638559897476
2025-01-17,247.83376799999678,126686.96,126934.793768,0.016798608068506447
2025-01-21,247.83376799999678,127846.59999999999,128094.43376799999,0.007816361134515254
2025-01-22,247.83376799999678,128565.28000000001,128813.11376800001,0.002249666965185916
2025-01-23,247.83376799999678,129267.0,129514.833768,0.0
2025-01-24,247.83376799999678,128889.64,129137.473768,0.0029136430864434093
2025-01-27,247.83376799999678,127066.44,127314.273768,0.016990795077125004
2025-01-28,247.83376799999678,128158.23999999999,128406.07376799999,0.008560872664100638
2025-01-29,247.83376799999678,127583.71999999999,127831.55376799998,0.01299681241930383
2025-01-30,247.83376799999678,128268.48,128516.31376799999,0.007709696032105895
2025-01-31,247.83376799999678,127585.84000000001,127833.67376800001,0.012980443637919127
2025-02-03,247.83376799999678,126727.23999999999,126975.07376799999,0.019609800098647257
2025-02-04,247.83376799999678,127577.36,127825.193768,0.013045918763457263
2025-02-05,247.83376799999678,128094.64,128342.473768,0.009051936105635976
2025-02-06,247.83376799999678,128539.84000000001,128787.67376800001,0.005614492014888049
2025-02-07,247.83376799999678,127363.23999999999,127611.07376799999,0.014699165683293203
2025-02-10,247.83376799999678,128228.20000000001,128476.03376800001,0.00802070287841153
2025-02-11,247.83376799999678,128325.71999999999,128573.55376799998,0.007267738934724101
2025-02-12,247.83376799999678,127912.32,128160.153768,0.010459651304704078
2025-02-13,247.83376799999678,129262.76000000001,129510.593768,3.273756276895511e-05
2025-02-14,247.83376799999678,129256.40000000001,129504.233768,8.184390692250013e-05
2025-02-18,247.83376799999678,129635.88,129883.713768,0.0
2025-02-19,247.83376799999678,129941.15999999999,130188.99376799999,0.0
2025-02-20,247.83376799999678,129400.56,129648.393768,0.0041524247507692845
2025-02-21,247.83376799999678,127187.28000000001,127435.11376800001,0.021152940200977802
2025-02-24,247.83376799999678,126608.52,126856.353768,0.02559847728709565
2025-02-25,247.83376799999678,125978.88,126226.713768,0.030434830820344656
2025-02-26,247.83376799999678,126042.48,126290.31376799999,0.029946310261430683
2025-02-27,247.83376799999678,124030.59999999999,124278.43376799999,0.04539984394174489
2025-02-28,247.83376799999678,125966.15999999999,126213.99376799999,0.030532534932127584
2025-03-03,247.83376799999678,123759.23999999999,124007.07376799999,0.04748419832644481
2025-03-04,247.83376799999678,122294.32,122542.153768,0.0587364552000981
2025-03-05,247.83376799999678,123608.71999999999,123856.55376799998,0.04864036364920807
2025-03-06,247.83376799999678,121414.52,121662.353768,0.06549432293174236
2025-03-07,247.83376799999678,122095.04,122342.87376799999,0.0602671529513622
2025-03-10,247.83376799999678,118842.96,119090.793768,0.08524683753050008
2025-03-11,247.83376799999678,117855.04,118102.87376799999,0.09283519021229829
2025-03-12,247.83376799999678,118480.44,118728.273768,0.08803140471631014
2025-03-13,247.83376799999678,116901.04,117148.87376799999,0.10016299859600891
2025-03-14,247.83376799999678,119315.71999999999,119563.55376799998,0.08161550137590586
2025-03-17,247.83376799999678,120235.79999999999,120483.63376799999,0.07454823729028272
2025-03-18,247.83376799999678,118936.23999999999,119184.07376799999,0.08453034071075961
2025-03-19,247.83376799999678,120231.56,120479.393768,0.07458080532754358
2025-03-20,247.83376799999678,119883.88,120131.713768,0.07725138438294028
2025-03-21,247.83376799999678,119563.76000000001,119811.593768,0.07971027119614092
2025-03-24,247.83376799999678,121704.96,121952.793768,0.06326341237936822
2025-03-25,247.83376799999678,121997.52,122245.353768,0.06101621780836365
2025-03-26,247.83376799999678,120541.08,120788.913768,0.07220333860749521
2025-03-27,247.83376799999678,120220.96,120468.793768,0.07466222542069585
2025-03-28,247.83376799999678,117799.92,118047.753768,0.09325857469669042
2025-03-31,247.83376799999678,118590.68,118838.51376799999,0.08718463574752588
2025-04-01,247.83376799999678,118925.64,119173.473768,0.08461176080391188
2025-04-02,247.83376799999678,119678.23999999999,119926.07376799999,0.07883093419009579
2025-04-03,247.83376799999678,113780.40000000001,114028.233768,0.12413307402005776
2025-04-04,247.83376799999678,107119.36,107367.193768,0.17529746055698842
2025-04-07,247.83376799999678,106928.56,107176.393768,0.17676302223373055
2025-04-08,247.83376799999678,105253.76000000001,105501.593768,0.18962739695180023
2025-04-09,247.83376799999678,116307.44,116555.273768,0.1047225238125399
2025-04-10,247.83376799999678,111210.96,111458.793768,0.14386930460018504
2025-04-11,247.83376799999678,113195.28000000001,113443.11376800001,0.1286274631620669
2025-04-14,247.83376799999678,114293.44,114541.273768,0.12019234151148454
2025-04-15,247.83376799999678,113973.32,114221.153768,0.12265122832468518
2025-04-16,247.83376799999678,111439.92,111687.753768,0.14211063058809456
2025-04-17,247.83376799999678,111598.92,111846.753768,0.14088932919080946
2025-04-21,247.83376799999678,108942.56,109190.393768,0.16129320453478593
2025-04-22,247.83376799999678,111777.0,112024.833768,0.13952147162585013
2025-04-23,247.83376799999678,113509.04,113756.87376799999,0.12621742840475778
2025-04-24,247.83376799999678,115898.28000000001,116146.11376800001,0.10786533940822014
2025-04-25,247.83376799999678,116735.68,116983.51376799999,0.10143315204918542
2025-04-28,247.83376799999678,116780.20000000001,117028.03376800001,0.10109118765794545
2025-04-29,247.83376799999678,117515.84000000001,117763.67376800001,0.09544063319317304
2025-04-30,247.83376799999678,117562.48,117810.31376799999,0.09508238478330286
2025-05-01,247.83376799999678,118395.64,118643.473768,0.0886827654615289
2025-05-02,247.83376799999678,120153.12,120400.95376799999,0.07518331401687092
2025-05-05,247.83376799999678,119464.12,119711.95376799999,0.08047562007177303
2025-05-06,247.83376799999678,118465.59999999999,118713.43376799999,0.08814539284672351
2025-05-07,247.83376799999678,118963.79999999999,119211.63376799999,0.08431864846856355
2025-05-08,247.83376799999678,119792.71999999999,120040.55376799998,0.07795159718405055
2025-05-09,247.83376799999678,119640.08,119887.913768,0.07912404652544414
2025-05-12,247.83376799999678,123593.88,123841.713768,0.04875435177962121
2025-05-13,247.83376799999678,124410.08,124657.913768,0.04248500460689103
2025-05-14,247.83376799999678,124569.08,124816.913768,0.04126370320960593
2025-05-15,247.83376799999678,125177.52,125425.353768,0.03659018986266158
2025-05-16,247.83376799999678,125970.40000000001,126218.233768,0.030499966894866497
2025-05-19,247.83376799999678,126108.20000000001,126356.03376800001,0.02944150568388605
2025-05-20,247.83376799999678,125684.20000000001,125932.03376800001,0.03269830940997966
2025-05-21,247.83376799999678,123566.32,123814.153768,0.04896604402181727
2025-05-22,247.83376799999678,123615.08,123862.913768,0.048591511593316546
2025-05-23,247.83376799999678,122771.32,123019.153768,0.05507255100824279
2025-05-27,247.83376799999678,125323.79999999999,125571.63376799999,0.03546659257715941
2025-05-28,247.83376799999678,124598.76000000001,124846.593768,0.04103572694877932
2025-05-29,247.83376799999678,125090.59999999999,125338.43376799999,0.03725783462651087
2025-05-30,247.83376799999678,124950.68,125198.51376799999,0.03833257985612175
2025-06-02,247.83376799999678,125654.52,125902.353768,0.03292628567080627
2025-06-03,247.83376799999678,126371.08,126618.913768,0.02742228737370809
2025-06-04,247.83376799999678,126337.15999999999,126584.99376799999,0.027682831671795676
2025-06-05,247.83376799999678,125726.59999999999,125974.43376799999,0.032372629037370454
2025-06-06,247.83376799999678,127017.68,127265.51376799999,0.022455661691415402
2025-06-09,247.83376799999678,127132.15999999999,127379.99376799999,0.02157632468537016
2025-06-10,247.83376799999678,127852.96,128100.793768,0.01603975835101089
2025-06-11,247.83376799999678,127488.32,127736.153768,0.01884060955545139
2025-06-12,247.83376799999678,127995.0,128242.833768,0.01494872910276958
2025-06-13,247.83376799999678,126564.0,126811.833768,0.02594044167833551
2025-06-16,247.83376799999678,127768.15999999999,128015.99376799999,0.016691119096229747
2025-06-17,247.83376799999678,126676.36,126924.193768,0.0250773886909207
2025-06-18,247.83376799999678,126657.28000000001,126905.11376800001,0.025223944858594815
2025-06-20,247.83376799999678,125987.36,126235.193768,0.030369694745822816
2025-06-23,247.83376799999678,127231.79999999999,127479.63376799999,0.020810975809738168
2025-06-24,247.83376799999678,128637.36,128885.193768,0.010014671457737758
2025-06-25,247.83376799999678,128709.44,128957.273768,0.009461014824301832
2025-06-26,247.83376799999678,129716.44,129964.273768,0.00172610597482951
2025-06-27,247.83376799999678,130360.92,130608.753768,0.0
2025-06-30,247.83376799999678,130984.20000000003,131232.03376800002,0.0
2025-07-01,247.83376799999678,130941.8,131189.633768,0.00032309184566155994
2025-07-02,247.83376799999678,131535.40000000002,131783.23376800003,0.0
2025-07-03,247.83376799999678,132572.08000000002,132819.91376800003,0.0
2025-07-07,247.83376799999678,131584.15999999997,131831.993768,0.007438041269366183
2025-07-08,247.83376799999678,131512.08000000002,131759.91376800003,0.00798073097571445
2025-07-09,247.83376799999678,132300.71999999997,132548.55376799998,0.0020430671297832323
2025-07-10,247.83376799999678,132673.83999999997,132921.67376799998,0.0
2025-07-11,247.83376799999678,132207.44,132455.273768,0.003508833336044312
2025-07-14,247.83376799999678,132459.71999999997,132707.55376799998,0.001610873486093156
2025-07-15,247.83376799999678,131893.68,132141.513768,0.005869321216656187
2025-07-16,247.83376799999678,132334.64,132582.47376800003,0.0025518787898502495
2025-07-17,247.83376799999678,133144.47999999998,133392.313768,0.0
2025-07-18,247.83376799999678,133046.96000000002,133294.79376800003,0.0007310766058797825
2025-07-21,247.83376799999678,133299.24,133547.073768,0.0
2025-07-22,247.83376799999678,133318.32,133566.15376800002,0.0
2025-07-23,247.83376799999678,134452.52000000002,134700.35376800003,0.0
2025-07-24,247.83376799999678,134497.03999999998,134744.873768,0.0
2025-07-25,247.83376799999678,135065.2,135313.03376800002,0.0
2025-07-28,247.83376799999678,135031.27999999997,135279.11376799998,0.0002506779949830938
2025-07-29,247.83376799999678,134675.12,134922.953768,0.0028827969423021373
2025-07-30,247.83376799999678,134505.52000000002,134753.35376800003,0.004136186917215886
2025-07-31,247.83376799999678,134000.96000000002,134248.79376800003,0.007865022092584781
2025-08-01,247.83376799999678,131804.64,132052.47376800003,0.024096422267720102
2025-08-04,247.83376799999678,133808.03999999998,134055.873768,0.009290753189049676
2025-08-05,247.83376799999678,133129.64,133377.47376800003,0.014304313088705098
2025-08-06,247.83376799999678,134149.36,134397.193768,0.006768305864535359
2025-08-07,247.83376799999678,134037.0,134284.833768,0.007598676722915728
2025-08-08,247.83376799999678,135082.15999999997,135329.993768,0.0
2025-08-11,247.83376799999678,134815.03999999998,135062.873768,0.0019738418111355763
2025-08-12,247.83376799999678,136250.27999999997,136498.11376799998,0.0
2025-08-13,247.83376799999678,136716.68,136964.513768,0.0
2025-08-14,247.83376799999678,136729.40000000002,136977.23376800003,0.0
2025-08-15,247.83376799999678,136409.27999999997,136657.11376799998,0.002337030696226824
2025-08-18,247.83376799999678,136379.59999999998,136627.433768,0.0025537090389232634
2025-08-19,247.83376799999678,135639.71999999997,135887.55376799998,0.007955190581857239
2025-08-20,247.83376799999678,135279.32,135527.15376800002,0.010586284743171512
2025-08-21,247.83376799999678,134736.59999999998,134984.433768,0.014548403009621845
2025-08-22,247.83376799999678,136805.71999999997,137053.55376799998,0.0
2025-08-25,247.83376799999678,136203.64,136451.47376800003,0.004393027276178044
2025-08-26,247.83376799999678,136773.91999999998,137021.753768,0.00023202608853046172
2025-08-27,247.83376799999678,137085.56,137333.393768,0.0
2025-08-28,247.83376799999678,137571.03999999998,137818.873768,0.0
2025-08-29,247.83376799999678,136750.59999999998,136998.433768,0.005953030797371813
2025-09-02,247.83376799999678,135737.24,135985.073768,0.0133058698700945
2025-09-03,247.83376799999678,136472.88,136720.71376800002,0.007968139413536225
2025-09-04,247.83376799999678,137613.44,137861.273768,0.0
2025-09-05,247.83376799999678,137214.88,137462.71376800002,0.0028910221783581863
2025-09-08,247.83376799999678,137551.96000000002,137799.79376800003,0.00044595554878916217
2025-09-09,247.83376799999678,137869.96000000002,138117.79376800003,0.0
2025-09-10,247.83376799999678,138268.52000000002,138516.35376800003,0.0
2025-09-11,247.83376799999678,139417.56,139665.393768,0.0
2025-09-12,247.83376799999678,139370.91999999998,139618.753768,0.0003339409909765355
2025-09-15,247.83376799999678,140112.91999999998,140360.753768,0.0
2025-09-16,247.83376799999678,139920.0,140167.833768,0.0013744582785502708
2025-09-17,247.83376799999678,139746.15999999997,139993.993768,0.002612981122958494
2025-09-18,247.83376799999678,140399.12,140646.953768,0.0
2025-09-19,247.83376799999678,140704.40000000002,140952.23376800003,0.0
2025-09-22,247.83376799999678,141370.08000000002,141617.91376800003,0.0
2025-09-23,247.83376799999678,140600.52000000002,140848.35376800003,0.005434058301838135
2025-09-24,247.83376799999678,140153.2,140401.03376800002,0.00859269825139149
2025-09-25,247.83376799999678,139506.59999999998,139754.433768,0.013158504813542249
2025-09-26,247.83376799999678,140305.83999999997,140553.67376799998,0.0075148685055726645
2025-09-29,247.83376799999678,140700.15999999997,140947.993768,0.004730474995539843
2025-09-30,247.83376799999678,141230.15999999997,141477.993768,0.0009880106003345053
2025-10-01,247.83376799999678,141711.40000000002,141959.23376800003,0.0
2025-10-02,247.83376799999678,141874.64,142122.47376800003,0.0
2025-10-03,247.83376799999678,141872.52000000002,142120.35376800003,1.4916711930134429e-05
2025-10-06,247.83376799999678,142381.32,142629.15376800002,0.0
2025-10-07,247.83376799999678,141853.44,142101.273768,0.003701066619652333
2025-10-08,247.83376799999678,142699.32,142947.15376800002,0.0
2025-10-09,247.83376799999678,142285.91999999998,142533.753768,0.0028919778330876184
2025-10-10,247.83376799999678,138440.24,138688.073768,0.029794787008578055
2025-10-13,247.83376799999678,140564.47999999998,140812.313768,0.014934470143174885
2025-10-14,247.83376799999678,140392.76,140640.59376800002,0.016135753243072558
2025-10-15,247.83376799999678,141016.03999999998,141263.873768,0.011775540510110143
2025-10-16,247.83376799999678,140055.68,140303.513768,0.01849382747620552
2025-10-17,247.83376799999678,140850.68,141098.513768,0.012932331643345027
2025-10-20,247.83376799999678,142315.59999999998,142563.433768,0.0026843486553275423
2025-10-21,247.83376799999678,142313.47999999998,142561.313768,0.002699179310881804
2025-10-22,247.83376799999678,141573.59999999998,141821.433768,0.007875078099330668
2025-10-23,247.83376799999678,142413.12,142660.953768,0.002002138499829858
2025-10-24,247.83376799999678,143577.0,143824.833768,0.0
2025-10-27,247.83376799999678,145270.88,145518.71376800002,0.0
2025-10-28,247.83376799999678,145656.71999999997,145904.55376799998,0.0
2025-10-29,247.83376799999678,145726.68,145974.513768,0.0
2025-10-30,247.83376799999678,144123.96000000002,144371.79376800003,0.010979450855011612
2025-10-31,247.83376799999678,144596.71999999997,144844.55376799998,0.007740803314446296
2025-11-03,247.83376799999678,144868.08000000002,145115.91376800003,0.005881848672327592
2025-11-04,247.83376799999678,143150.88,143398.71376800002,0.017645546016983177
2025-11-05,247.83376799999678,143646.96000000002,143894.79376800003,0.014247144561860364
2025-11-06,247.83376799999678,142105.71999999997,142353.55376799998,0.02480542600576755
2025-11-07,247.83376799999678,142245.64,142493.47376800003,0.023846902518424966
2025-11-10,247.83376799999678,144465.27999999997,144713.11376799998,0.008641234469222412
2025-11-11,247.83376799999678,144796.0,145043.833768,0.006375633499140405
2025-11-12,247.83376799999678,144876.56,145124.393768,0.00582375633976152
2025-11-13,247.83376799999678,142472.47999999998,142720.313768,0.022292932622279337
2025-11-14,247.83376799999678,142449.15999999997,142696.993768,0.022452686536836436
2025-11-17,247.83376799999678,141122.03999999998,141369.873768,0.03154413658344671
2025-11-18,247.83376799999678,139936.96000000002,140184.79376800003,0.03966254005957287
2025-11-19,247.83376799999678,140477.56,140725.393768,0.03595915385847778
2025-11-20,247.83376799999678,138336.36,138584.193768,0.05062746783144337
2025-11-21,247.83376799999678,139714.36,139962.193768,0.041187463789435864
2025-11-24,247.83376799999678,141770.76,142018.59376800002,0.027100073142132197
2025-11-25,247.83376799999678,143104.24,143352.073768,0.01796505384609737
2025-11-26,247.83376799999678,144092.15999999997,144339.993768,0.011197297102135182
2025-11-28,247.83376799999678,144878.68,145126.513768,0.005809233256620002
2025-12-01,247.83376799999678,144217.24,144465.073768,0.01034043519678362
2025-12-02,247.83376799999678,144484.36,144732.193768,0.00851052672094835
2025-12-03,247.83376799999678,144984.68,145232.513768,0.005083079099542502
2025-12-04,247.83376799999678,145090.68,145338.513768,0.004356924942465002
2025-12-05,247.83376799999678,145366.27999999997,145614.11376799998,0.0024689241340636603
2025-12-08,247.83376799999678,144929.56,145177.393768,0.00546067926122277
2025-12-09,247.83376799999678,144804.47999999998,145052.313768,0.006317541166574332
2025-12-10,247.83376799999678,145764.83999999997,146012.67376799998,0.0
2025-12-11,247.83376799999678,146104.03999999998,146351.873768,0.0
2025-12-12,247.83376799999678,144533.12,144780.953768,0.010733856421204682
2025-12-15,247.83376799999678,144314.76,144562.59376800002,0.012225876949388249
2025-12-16,247.83376799999678,143920.44,144168.273768,0.014920205281836463
2025-12-17,247.83376799999678,142336.8,142584.633768,0.025740975520217098
2025-12-18,247.83376799999678,143411.64,143659.47376800003,0.018396757968866275
2025-12-19,247.83376799999678,144285.08000000002,144532.91376800003,0.01242867585613161
2025-12-22,247.83376799999678,145183.96000000002,145431.79376800003,0.006286766109045436
2025-12-23,247.83376799999678,145847.52000000002,146095.35376800003,0.0017527619797106336
2025-12-24,247.83376799999678,146360.56,146608.393768,0.0
2025-12-26,247.83376799999678,146345.71999999997,146593.55376799998,0.0001012220352370078
2025-12-29,247.83376799999678,145824.2,146072.03376800002,0.0036584535592740154
2025-12-30,247.83376799999678,145646.12,145893.953768,0.004873117982116124
2025-12-31,247.83376799999678,144567.03999999998,144814.873768,0.012233405972908814
