date,symbol,open,high,low,close,volume
2024-01-02,SPY,472.16,473.67,470.49,472.65,123623700.0
2024-01-03,SPY,470.43,471.19,468.17,468.79,103585900.0
2024-01-04,SPY,468.3,470.96,467.05,467.28,84232200.0
2024-01-05,SPY,467.49,470.44,466.43,467.92,86118900.0
2024-01-08,SPY,468.43,474.75,468.3,474.6,74879100.0
2024-01-09,SPY,471.87,474.93,471.35,473.88,65931400.0
2024-01-10,SPY,474.16,477.45,473.87,476.56,67310600.0
2024-01-11,SPY,477.59,478.12,472.26,476.35,77940700.0
2024-01-12,SPY,477.84,478.6,475.23,476.68,58026400.0
2024-01-16,SPY,475.26,476.61,473.06,474.93,85014900.0
2024-01-17,SPY,471.82,472.79,469.87,472.29,68843900.0
2024-01-18,SPY,474.01,477.06,472.42,476.49,91856200.0
2024-01-19,SPY,477.65,482.72,476.54,482.43,110834500.0
2024-01-22,SPY,484.01,485.22,482.78,483.45,75844900.0
2024-01-23,SPY,484.01,485.11,482.89,484.86,49945300.0
2024-01-24,SPY,487.81,488.77,484.88,485.39,81765000.0
2024-01-25,SPY,487.58,488.31,485.39,488.03,72525000.0
2024-01-26,SPY,487.59,489.12,486.54,487.41,76641600.0
2024-01-29,SPY,487.73,491.42,487.17,491.27,61322800.0
2024-01-30,SPY,490.56,491.62,490.11,490.89,58618400.0
2024-01-31,SPY,488.62,489.08,482.86,482.88,126011100.0
2024-02-01,SPY,484.63,489.23,483.8,489.2,91891600.0
2024-02-02,SPY,489.65,496.05,489.3,494.35,99228200.0
2024-02-05,SPY,493.7,494.38,490.23,492.55,75757100.0
2024-02-06,SPY,493.52,494.32,492.05,493.98,55918600.0
2024-02-07,SPY,496.29,498.53,495.36,498.1,70556500.0
2024-02-08,SPY,498.1,498.71,497.26,498.32,52343600.0
2024-02-09,SPY,498.84,501.65,498.49,501.2,63979400.0
2024-02-12,SPY,501.17,503.5,500.24,500.98,56502300.0
2024-02-13,SPY,494.53,497.09,490.72,494.08,113099200.0
2024-02-14,SPY,496.79,499.07,494.4,498.57,68387800.0
2024-02-15,SPY,499.29,502.2,498.8,502.01,61683000.0
2024-02-16,SPY,501.7,502.87,498.75,499.51,75532900.0
2024-02-20,SPY,497.72,498.41,494.45,496.76,71736700.0
2024-02-21,SPY,495.42,497.37,493.56,497.21,59293400.0
2024-02-22,SPY,504.01,508.49,503.02,507.5,76402500.0
2024-02-23,SPY,509.27,510.13,507.1,507.85,61321800.0
2024-02-26,SPY,508.3,508.75,505.86,505.99,50386700.0
2024-02-27,SPY,506.7,507.16,504.75,506.93,48854500.0
2024-02-28,SPY,505.33,506.86,504.96,506.26,56506600.0
2024-02-29,SPY,508.07,509.74,505.35,508.08,83924800.0
2024-03-01,SPY,508.98,513.29,508.56,512.85,76844800.0
2024-03-04,SPY,512.03,514.2,512.0,512.3,49799300.0
2024-03-05,SPY,510.24,510.7,504.91,507.18,72855600.0
2024-03-06,SPY,510.55,512.07,508.42,509.75,68382400.0
2024-03-07,SPY,513.14,515.89,509.81,514.81,58652100.0
2024-03-08,SPY,515.46,518.22,511.13,511.72,86532500.0
2024-03-11,SPY,510.48,511.88,508.5,511.28,62557200.0
2024-03-12,SPY,513.45,517.38,510.86,516.78,73114400.0
2024-03-13,SPY,517.11,517.29,514.49,515.97,55104100.0
2024-03-14,SPY,516.97,517.13,511.82,514.95,110171800.0
2024-03-15,SPY,510.21,511.7,508.12,509.83,107646300.0
2024-03-18,SPY,514.0,515.48,512.44,512.86,88893300.0
2024-03-19,SPY,512.15,516.0,511.12,515.71,60755300.0
2024-03-20,SPY,515.77,520.62,515.08,520.48,69594600.0
2024-03-21,SPY,523.39,524.11,521.91,522.2,60256100.0
2024-03-22,SPY,522.11,522.61,520.97,521.21,79070800.0
2024-03-25,SPY,519.8,520.95,519.61,519.77,48512100.0
2024-03-26,SPY,521.23,521.58,518.4,518.81,65463700.0
2024-03-27,SPY,521.71,523.21,519.49,523.17,82999800.0
2024-03-28,SPY,523.21,524.61,522.78,523.07,96294900.0
2024-04-01,SPY,523.83,524.38,520.97,522.16,62477500.0
2024-04-02,SPY,518.24,518.98,516.48,518.84,74230300.0
2024-04-03,SPY,517.72,520.95,517.67,519.41,59155800.0
2024-04-04,SPY,523.52,523.87,512.76,513.07,96858100.0
2024-04-05,SPY,514.46,520.44,514.01,518.43,74546500.0
2024-04-08,SPY,519.15,520.18,517.89,518.72,48401800.0
2024-04-09,SPY,520.5,520.75,514.35,519.32,68049200.0
2024-04-10,SPY,513.48,516.16,512.09,514.12,82652800.0
2024-04-11,SPY,515.68,519.48,512.08,518.0,70099000.0
2024-04-12,SPY,514.37,515.82,509.08,510.85,92561100.0
2024-04-15,SPY,515.13,515.3,503.58,504.45,92101400.0
2024-04-16,SPY,504.94,506.5,502.21,503.53,73484000.0
2024-04-17,SPY,506.05,506.22,499.12,500.55,75910300.0
2024-04-18,SPY,501.98,504.13,498.56,499.52,74548100.0
2024-04-19,SPY,499.44,500.46,493.86,495.16,102212600.0
2024-04-22,SPY,497.83,502.38,495.43,499.72,67961000.0
2024-04-23,SPY,501.78,506.09,499.53,505.65,64633600.0
2024-04-24,SPY,506.56,507.37,503.13,505.41,55928100.0
2024-04-25,SPY,499.18,504.27,497.49,503.49,69122400.0
2024-04-26,SPY,506.35,509.88,505.7,508.26,64306100.0
2024-04-29,SPY,510.09,510.75,507.25,510.06,46415400.0
2024-04-30,SPY,508.56,509.56,501.98,501.98,77483600.0
2024-05-01,SPY,501.38,508.19,499.87,500.35,80242800.0
2024-05-02,SPY,504.15,505.89,499.55,505.03,62550200.0
2024-05-03,SPY,511.16,512.55,508.56,511.29,72756700.0
2024-05-06,SPY,513.75,516.61,513.3,516.57,47264700.0
2024-05-07,SPY,517.56,518.57,516.45,517.14,52561300.0
2024-05-08,SPY,515.26,517.74,515.14,517.19,42047200.0
2024-05-09,SPY,517.38,520.21,516.71,520.17,43643700.0
2024-05-10,SPY,521.81,522.64,519.59,520.84,52233200.0
2024-05-13,SPY,522.56,522.67,519.74,520.91,36716400.0
2024-05-14,SPY,521.11,523.83,520.56,523.3,57535900.0
2024-05-15,SPY,525.83,530.08,525.18,529.78,59504900.0
2024-05-16,SPY,529.88,531.52,528.54,528.69,50244800.0
2024-05-17,SPY,528.81,529.52,527.32,529.45,59187600.0
2024-05-20,SPY,529.57,531.56,529.17,530.06,37764200.0
2024-05-21,SPY,529.28,531.52,529.07,531.36,33437000.0
2024-05-22,SPY,530.65,531.38,527.6,529.83,48390000.0
2024-05-23,SPY,532.96,533.07,524.72,525.96,57211200.0
2024-05-24,SPY,527.85,530.27,526.88,529.44,41291100.0
2024-05-28,SPY,530.27,530.51,527.11,529.81,36269600.0
2024-05-29,SPY,525.68,527.31,525.37,526.1,45190300.0
2024-05-30,SPY,524.52,525.2,521.33,522.61,46377600.0
2024-05-31,SPY,523.59,527.5,518.36,527.37,90785800.0
2024-06-03,SPY,529.02,529.31,522.6,527.8,46835700.0
2024-06-04,SPY,526.46,529.15,524.96,528.39,34632700.0
2024-06-05,SPY,530.77,534.69,528.73,534.67,47610400.0
2024-06-06,SPY,534.98,535.42,532.68,534.66,30808500.0
2024-06-07,SPY,533.66,536.89,532.54,534.01,43224500.0
2024-06-10,SPY,533.18,535.99,532.57,535.66,35686100.0
2024-06-11,SPY,534.07,537.01,532.05,536.95,36383400.0
2024-06-12,SPY,541.63,544.12,540.3,541.36,63251300.0
2024-06-13,SPY,543.15,543.33,539.59,542.45,44760900.0
2024-06-14,SPY,540.88,542.81,539.85,542.78,40089900.0
2024-06-17,SPY,542.08,548.53,541.61,547.1,55839500.0
2024-06-18,SPY,547.16,548.62,546.73,548.49,41376400.0
2024-06-20,SPY,549.44,550.12,545.18,547.0,70328200.0
2024-06-21,SPY,544.4,545.65,543.02,544.51,64338600.0
2024-06-24,SPY,544.33,546.95,542.62,542.74,45528700.0
2024-06-25,SPY,543.99,545.2,542.44,544.83,37936200.0
2024-06-26,SPY,543.69,546.24,543.03,545.51,38550600.0
2024-06-27,SPY,545.37,546.96,544.61,546.37,35041500.0
2024-06-28,SPY,547.16,550.28,542.95,544.22,76144500.0
2024-07-01,SPY,545.63,545.88,542.52,545.34,40297800.0
2024-07-02,SPY,543.7,549.01,543.65,549.01,40434800.0
2024-07-03,SPY,548.69,551.83,548.65,551.46,32789900.0
2024-07-05,SPY,551.77,555.05,551.12,554.64,41488400.0
2024-07-08,SPY,555.44,556.25,554.19,555.28,36110500.0
2024-07-09,SPY,556.26,557.18,555.52,555.82,27289700.0
2024-07-10,SPY,557.07,561.67,556.77,561.32,38701200.0
2024-07-11,SPY,561.44,562.33,555.83,556.48,53054200.0
2024-07-12,SPY,557.63,563.67,557.15,559.99,53084400.0
2024-07-15,SPY,562.03,564.84,559.63,561.53,40584300.0
2024-07-16,SPY,562.87,565.16,562.1,564.86,36475300.0
2024-07-17,SPY,558.8,560.51,556.61,556.94,57119000.0
2024-07-18,SPY,558.51,559.52,550.43,552.66,56270400.0
2024-07-19,SPY,552.42,554.08,547.91,548.99,65509100.0
2024-07-22,SPY,553.0,555.27,551.02,554.65,43346700.0
2024-07-23,SPY,554.54,556.74,553.28,553.78,34439600.0
2024-07-24,SPY,548.86,549.17,540.29,541.23,74515300.0
2024-07-25,SPY,541.35,547.46,537.45,538.41,61158300.0
2024-07-26,SPY,542.28,547.19,541.49,544.44,53763800.0
2024-07-29,SPY,546.02,547.05,542.72,544.76,39515800.0
2024-07-30,SPY,546.26,547.34,538.52,542.0,46853600.0
2024-07-31,SPY,548.98,553.5,547.58,550.81,65663400.0
2024-08-01,SPY,552.57,554.87,539.43,543.01,76428700.0
2024-08-02,SPY,535.75,536.99,528.6,532.9,82789100.0
2024-08-05,SPY,511.64,523.58,510.27,517.38,146267400.0
2024-08-06,SPY,519.22,529.75,517.87,522.15,84826300.0
2024-08-07,SPY,528.47,531.59,518.05,518.66,70698300.0
2024-08-08,SPY,523.91,531.29,521.84,530.65,63276600.0
2024-08-09,SPY,529.81,534.51,528.56,532.99,45619600.0
2024-08-12,SPY,534.21,535.73,530.95,533.27,42542100.0
2024-08-13,SPY,536.53,542.28,536.28,542.04,52333100.0
2024-08-14,SPY,542.85,544.96,540.12,543.75,42446900.0
2024-08-15,SPY,549.5,553.36,548.88,553.07,60846800.0
2024-08-16,SPY,551.42,555.02,551.26,554.31,44430700.0
2024-08-19,SPY,554.73,559.61,553.86,559.61,39121800.0
2024-08-20,SPY,559.15,560.84,557.33,558.7,33732300.0
2024-08-21,SPY,559.77,562.11,554.73,560.62,41514600.0
2024-08-22,SPY,562.56,563.18,554.98,556.22,56121500.0
2024-08-23,SPY,559.53,563.09,557.29,562.13,50639400.0
2024-08-26,SPY,563.18,563.91,559.05,560.79,35788600.0
2024-08-27,SPY,559.49,562.06,558.32,561.56,32693900.0
2024-08-28,SPY,561.21,561.65,555.04,558.3,41066000.0
2024-08-29,SPY,560.31,563.68,557.18,558.35,38715200.0
2024-08-30,SPY,560.77,564.2,557.14,563.68,62700100.0
2024-09-03,SPY,560.47,560.81,549.51,552.08,60600100.0
2024-09-04,SPY,550.2,554.43,549.46,550.95,47224900.0
2024-09-05,SPY,550.89,553.8,547.1,549.61,44264300.0
2024-09-06,SPY,549.94,551.6,539.44,540.36,68493800.0
2024-09-09,SPY,544.65,547.71,542.68,546.41,40445800.0
2024-09-10,SPY,548.36,549.15,543.38,548.79,36394600.0
2024-09-11,SPY,548.7,555.36,539.96,554.42,75248600.0
2024-09-12,SPY,555.01,559.4,552.74,559.09,51819600.0
2024-09-13,SPY,559.71,563.03,559.45,562.01,39310500.0
2024-09-16,SPY,561.74,563.11,559.9,562.84,36656100.0
2024-09-17,SPY,565.1,566.58,560.79,563.07,49321000.0
2024-09-18,SPY,563.74,568.69,560.83,561.4,59044900.0
2024-09-19,SPY,571.01,572.88,568.08,570.98,75315500.0
2024-09-20,SPY,567.84,569.31,565.17,568.25,77503100.0
2024-09-23,SPY,569.34,570.33,568.1,569.67,44116900.0
2024-09-24,SPY,570.48,571.36,567.6,571.3,46805700.0
2024-09-25,SPY,571.14,571.89,568.91,570.04,38428600.0
2024-09-26,SPY,574.38,574.71,569.9,572.3,48336000.0
2024-09-27,SPY,573.39,574.22,570.42,571.47,42100900.0
2024-09-30,SPY,570.42,574.38,568.08,573.76,63557400.0
2024-10-01,SPY,573.4,574.06,566.0,568.62,72668800.0
2024-10-02,SPY,567.71,569.9,565.27,568.86,38097800.0
2024-10-03,SPY,567.36,569.8,565.49,567.82,40846500.0
2024-10-04,SPY,572.35,573.36,568.1,572.98,42939100.0
2024-10-07,SPY,571.3,571.96,566.63,567.8,49964700.0
2024-10-08,SPY,570.42,573.78,569.53,573.17,37398700.0
2024-10-09,SPY,573.16,577.71,572.55,577.14,37912200.0
2024-10-10,SPY,575.77,577.58,574.49,576.13,44138100.0
2024-10-11,SPY,576.05,580.33,575.91,579.58,42268000.0
2024-10-14,SPY,581.22,585.27,580.73,584.32,36217200.0
2024-10-15,SPY,584.59,584.9,578.54,579.78,54203600.0
2024-10-16,SPY,579.78,582.83,578.96,582.3,30725400.0
2024-10-17,SPY,585.91,586.12,582.16,582.35,34393700.0
2024-10-18,SPY,584.07,585.39,582.58,584.59,37416800.0
2024-10-21,SPY,583.85,584.85,580.6,583.63,36439000.0
2024-10-22,SPY,581.05,584.5,580.38,583.32,34183800.0
2024-10-23,SPY,581.26,581.71,574.42,577.99,49314600.0
2024-10-24,SPY,579.98,580.06,576.57,579.24,34979900.0
2024-10-25,SPY,581.51,584.46,578.08,579.04,47268200.0
2024-10-28,SPY,582.58,582.71,580.52,580.83,30174700.0
2024-10-29,SPY,579.85,582.91,578.43,581.77,42899700.0
2024-10-30,SPY,581.29,583.32,579.29,580.01,41435800.0
2024-10-31,SPY,575.56,575.63,568.44,568.64,60182500.0
2024-11-01,SPY,571.32,575.55,570.62,571.04,45667500.0
2024-11-04,SPY,571.18,572.5,567.89,569.81,38217000.0
2024-11-05,SPY,570.74,576.74,570.52,576.7,39478300.0
2024-11-06,SPY,589.2,591.93,585.39,591.04,68182000.0
2024-11-07,SPY,593.08,596.65,593.0,595.61,47233200.0
2024-11-08,SPY,596.17,599.64,596.17,598.19,46444900.0
2024-11-11,SPY,599.81,600.17,597.0,598.76,37586800.0
2024-11-12,SPY,598.68,599.29,594.37,596.9,43006100.0
2024-11-13,SPY,597.37,599.23,594.96,597.19,47388600.0
2024-11-14,SPY,597.32,597.81,592.65,593.35,38904100.0
2024-11-15,SPY,589.72,590.2,583.86,585.75,75988800.0
2024-11-18,SPY,586.22,589.49,585.34,588.15,37001700.0
2024-11-19,SPY,584.71,591.04,584.03,590.3,49412000.0
2024-11-20,SPY,590.38,590.79,584.63,590.5,50032600.0
2024-11-21,SPY,593.4,595.12,587.45,593.67,46750300.0
2024-11-22,SPY,593.66,596.15,593.15,595.51,38226400.0
2024-11-25,SPY,599.52,600.86,595.2,597.53,42441400.0
2024-11-26,SPY,598.8,601.33,598.07,600.65,45621300.0
2024-11-27,SPY,600.46,600.85,597.28,598.83,34000200.0
2024-11-29,SPY,599.66,603.35,599.38,602.55,30177400.0
2024-12-02,SPY,602.97,604.32,602.47,603.63,31746000.0
2024-12-03,SPY,603.39,604.16,602.34,603.91,26906600.0
2024-12-04,SPY,605.63,607.91,604.95,607.66,42787600.0
2024-12-05,SPY,607.66,608.48,606.3,606.66,28762200.0
2024-12-06,SPY,607.44,609.07,607.02,607.81,31241500.0
2024-12-09,SPY,607.69,607.86,604.08,604.68,34742700.0
2024-12-10,SPY,605.37,605.8,602.13,602.8,37234500.0
2024-12-11,SPY,605.78,608.43,605.5,607.46,28677700.0
2024-12-12,SPY,606.58,607.16,604.33,604.33,31543800.0
2024-12-13,SPY,606.4,607.13,602.81,604.21,35904700.0
2024-12-16,SPY,606.0,607.78,605.21,606.79,43695200.0
2024-12-17,SPY,604.19,605.17,602.89,604.29,55773500.0
2024-12-18,SPY,603.98,606.41,585.89,586.28,108248700.0
2024-12-19,SPY,591.36,593.0,585.85,586.1,85919500.0
2024-12-20,SPY,581.77,595.75,580.91,591.15,125716700.0
2024-12-23,SPY,590.89,595.3,587.66,594.69,57635800.0
2024-12-24,SPY,596.06,601.34,595.47,601.3,33160100.0
2024-12-26,SPY,599.5,602.48,598.08,601.34,41219100.0
2024-12-27,SPY,597.54,597.78,590.76,595.01,64969300.0
2024-12-30,SPY,587.89,591.74,584.41,588.22,56578800.0
2024-12-31,SPY,589.91,590.64,584.42,586.08,57052700.0
2025-01-02,SPY,589.39,591.13,580.5,584.64,50204000.0
2025-01-03,SPY,587.53,592.6,586.43,591.95,37888500.0
2025-01-06,SPY,596.27,599.7,593.6,595.36,47679400.0
2025-01-07,SPY,597.42,597.75,586.78,588.63,60393100.0
2025-01-08,SPY,588.7,590.58,585.2,589.49,47304700.0
2025-01-10,SPY,585.88,585.95,578.55,580.49,73105000.0
2025-01-13,SPY,575.77,581.75,575.35,581.39,47910100.0
2025-01-14,SPY,584.36,585.0,578.35,582.19,48420600.0
2025-01-15,SPY,590.33,593.94,589.2,592.78,56900200.0
2025-01-16,SPY,594.17,594.35,590.93,591.64,43319700.0
2025-01-17,SPY,596.96,599.36,595.61,597.58,58070600.0
2025-01-21,SPY,600.67,603.06,598.67,603.05,42532900.0
2025-01-22,SPY,605.92,607.82,605.36,606.44,48196000.0
2025-01-23,SPY,605.8,609.75,605.52,609.75,41152100.0
2025-01-24,SPY,609.81,610.78,606.8,607.97,34604700.0
2025-01-27,SPY,594.81,599.69,594.64,599.37,70361100.0
2025-01-28,SPY,600.62,605.37,597.25,604.52,44433300.0
2025-01-29,SPY,603.72,604.13,599.22,601.81,37177400.0
2025-01-30,SPY,603.96,606.6,600.72,605.04,39281300.0
2025-01-31,SPY,607.5,609.96,601.05,601.82,66566900.0
2025-02-03,SPY,592.67,600.29,590.49,597.77,65857200.0
2025-02-04,SPY,597.83,602.3,597.28,601.78,33457800.0
2025-02-05,SPY,600.64,604.37,598.58,604.22,30653100.0
2025-02-06,SPY,605.99,606.45,602.63,606.32,35771500.0
2025-02-07,SPY,606.89,608.13,600.05,600.77,50788500.0
2025-02-10,SPY,604.03,605.5,602.74,604.85,26048700.0
2025-02-11,SPY,602.55,605.86,602.43,605.31,30056700.0
2025-02-12,SPY,599.2,604.55,598.51,603.36,45076100.0
2025-02-13,SPY,604.48,609.94,603.2,609.73,40921300.0
2025-02-14,SPY,609.94,610.99,609.07,609.7,26910400.0
2025-02-18,SPY,610.88,611.49,608.38,611.49,26749000.0
2025-02-19,SPY,610.08,613.23,609.56,612.93,31011100.0
2025-02-20,SPY,611.54,611.68,607.02,610.38,36554000.0
2025-02-21,SPY,610.16,610.3,599.47,599.94,76519800.0
2025-02-24,SPY,602.02,603.03,596.49,597.21,50737200.0
2025-02-25,SPY,597.15,597.89,589.56,594.24,58266500.0
2025-02-26,SPY,595.93,599.58,591.86,594.54,43321600.0
2025-02-27,SPY,596.85,598.02,584.65,585.05,74196700.0
2025-02-28,SPY,585.56,594.72,582.44,594.18,88744100.0
2025-03-03,SPY,596.18,597.34,579.9,583.77,74249200.0
2025-03-04,SPY,579.71,585.39,572.25,576.86,109648200.0
2025-03-05,SPY,576.69,584.88,573.08,583.06,71230500.0
2025-03-06,SPY,575.48,580.17,570.12,572.71,80094900.0
2025-03-07,SPY,570.9,577.39,565.63,575.92,81158800.0
2025-03-10,SPY,567.59,569.54,555.59,560.58,99326600.0
2025-03-11,SPY,559.4,564.02,552.02,555.92,88102100.0
2025-03-12,SPY,562.17,563.11,553.69,558.87,69588200.0
2025-03-13,SPY,558.49,559.11,549.68,551.42,74079400.0
2025-03-14,SPY,556.11,563.83,551.49,562.81,62660300.0
2025-03-17,SPY,562.79,569.71,562.35,567.15,49008700.0
2025-03-18,SPY,564.8,565.02,559.06,561.02,66041400.0
2025-03-19,SPY,562.83,570.95,561.63,567.13,66556000.0
2025-03-20,SPY,563.33,570.57,562.6,565.49,62958200.0
2025-03-21,SPY,559.28,564.89,558.03,563.98,83763000.0
2025-03-24,SPY,570.8,575.15,570.2,574.08,58766800.0
2025-03-25,SPY,575.3,576.41,573.69,575.46,38355700.0
2025-03-26,SPY,575.19,576.33,567.19,568.59,51848300.0
2025-03-27,SPY,567.18,570.9,564.94,567.08,42164200.0
2025-03-28,SPY,565.53,566.27,555.07,555.66,71662700.0
2025-03-31,SPY,549.83,560.71,546.87,559.39,95328200.0
2025-04-01,SPY,557.45,562.94,553.68,560.97,54609600.0
2025-04-02,SPY,555.05,567.42,554.81,564.52,76014500.0
2025-04-03,SPY,545.11,547.97,536.7,536.7,125986000.0
2025-04-04,SPY,523.67,525.87,505.06,505.28,217965100.0
2025-04-07,SPY,489.19,523.17,481.8,504.38,256611400.0
2025-04-08,SPY,521.86,524.98,489.16,496.48,165816600.0
2025-04-09,SPY,493.44,548.62,493.05,548.62,241867300.0
2025-04-10,SPY,532.17,533.5,509.32,524.58,162331200.0
2025-04-11,SPY,523.01,536.43,520.07,533.94,97866300.0
2025-04-14,SPY,544.05,544.28,533.86,539.12,68034000.0
2025-04-15,SPY,539.67,543.23,536.81,537.61,56892900.0
2025-04-16,SPY,531.68,537.89,520.29,525.66,83484800.0
2025-04-17,SPY,527.64,531.17,523.91,526.41,79868100.0
2025-04-21,SPY,521.16,521.7,508.46,513.88,69368100.0
2025-04-22,SPY,520.14,529.3,519.19,527.25,75948100.0
2025-04-23,SPY,540.43,545.43,533.88,535.42,90590700.0
2025-04-24,SPY,536.72,547.43,535.45,546.69,64150400.0
2025-04-25,SPY,546.65,551.05,543.69,550.64,61119600.0
2025-04-28,SPY,551.39,553.55,545.02,550.85,47613800.0
2025-04-29,SPY,548.91,555.45,548.55,554.32,47775100.0
2025-04-30,SPY,547.57,556.52,541.52,554.54,93101500.0
2025-05-01,SPY,560.37,564.07,557.86,558.47,63186100.0
2025-05-02,SPY,564.73,568.38,562.38,566.76,60717300.0
2025-05-05,SPY,562.57,566.65,561.7,563.51,38659200.0
2025-05-06,SPY,557.93,563.35,556.96,558.8,48264700.0
2025-05-07,SPY,560.15,563.82,556.04,561.15,55588000.0
2025-05-08,SPY,565.24,570.31,561.7,565.06,65130800.0
2025-05-09,SPY,566.48,567.5,562.76,564.34,37603400.0
2025-05-12,SPY,581.47,583.0,577.04,582.99,78993600.0
2025-05-13,SPY,583.41,589.08,582.84,586.84,67947200.0
2025-05-14,SPY,587.81,588.98,585.54,587.59,66283500.0
2025-05-15,SPY,585.56,590.97,585.1,590.46,71268100.0
2025-05-16,SPY,591.25,594.5,589.28,594.2,76052100.0
2025-05-19,SPY,588.1,595.54,588.1,594.85,68168500.0
2025-05-20,SPY,593.09,594.05,589.6,592.85,60614500.0
2025-05-21,SPY,588.44,592.58,581.82,582.86,95197700.0
2025-05-22,SPY,582.66,586.62,581.41,583.09,70860400.0
2025-05-23,SPY,575.98,581.81,575.6,579.11,76029000.0
2025-05-27,SPY,586.07,591.31,578.43,591.15,72588500.0
2025-05-28,SPY,591.56,592.77,586.99,587.73,68445500.0
2025-05-29,SPY,593.06,593.2,586.07,590.05,69973300.0
2025-05-30,SPY,588.93,591.13,583.24,589.39,90601200.0
2025-06-02,SPY,587.76,592.79,585.06,592.71,61630500.0
2025-06-03,SPY,592.34,597.08,591.85,596.09,63606200.0
2025-06-04,SPY,596.96,597.95,595.49,595.93,57314200.0
2025-06-05,SPY,597.63,599.0,591.05,593.05,92278700.0
2025-06-06,SPY,598.66,600.83,596.86,599.14,66588700.0
2025-06-09,SPY,599.72,601.25,598.49,599.68,53016400.0
2025-06-10,SPY,600.22,603.47,599.09,603.08,66247000.0
2025-06-11,SPY,604.19,605.06,599.27,601.36,73658200.0
2025-06-12,SPY,600.01,603.75,599.52,603.75,64129000.0
2025-06-13,SPY,598.5,601.85,595.48,597.0,89506000.0
2025-06-16,SPY,600.4,604.45,600.22,602.68,79984100.0
2025-06-17,SPY,600.21,601.75,596.76,597.53,82209400.0
2025-06-18,SPY,598.44,601.22,596.47,597.44,76605000.0
2025-06-20,SPY,598.38,599.46,592.86,594.28,94051400.0
2025-06-23,SPY,595.04,600.54,591.89,600.15,87426000.0
2025-06-24,SPY,604.33,607.85,603.41,606.78,67735300.0
2025-06-25,SPY,607.91,608.61,605.54,607.12,62114800.0
2025-06-26,SPY,608.99,612.31,608.37,611.87,78548400.0
2025-06-27,SPY,612.88,616.39,610.83,614.91,86258400.0
2025-06-30,SPY,617.38,619.22,615.04,617.85,92502500.0
2025-07-01,SPY,616.36,618.83,615.52,617.65,70030100.0
2025-07-02,SPY,617.24,620.49,616.61,620.45,66510400.0
2025-07-03,SPY,622.45,626.28,622.43,625.34,51065800.0
2025-07-07,SPY,623.36,624.03,617.87,620.68,74814500.0
2025-07-08,SPY,621.35,622.11,619.52,620.34,59024600.0
2025-07-09,SPY,622.77,624.72,620.91,624.06,66113300.0
2025-07-10,SPY,624.2,626.87,623.01,625.82,57529000.0
2025-07-11,SPY,622.74,624.86,621.53,623.62,63670200.0
2025-07-14,SPY,623.16,625.16,621.8,624.81,51898500.0
2025-07-15,SPY,627.52,627.86,622.06,622.14,74317300.0
2025-07-16,SPY,623.74,624.73,618.05,624.22,88987500.0
2025-07-17,SPY,624.4,628.4,624.18,628.04,68885700.0
2025-07-18,SPY,629.3,629.47,626.46,627.58,65621600.0
2025-07-21,SPY,628.77,631.54,628.34,628.77,63375000.0
2025-07-22,SPY,629.1,629.73,626.19,628.86,60046300.0
2025-07-23,SPY,631.55,634.21,629.73,634.21,70511000.0
2025-07-24,SPY,634.6,636.15,633.99,634.42,71307100.0
2025-07-25,SPY,635.09,637.58,634.84,637.1,56865400.0
2025-07-28,SPY,637.48,638.04,635.54,636.94,54917100.0
2025-07-29,SPY,638.35,638.67,634.34,635.26,60556300.0
2025-07-30,SPY,635.92,637.68,631.54,634.46,80418900.0
2025-07-31,SPY,639.46,639.85,630.77,632.08,103385200.0
2025-08-01,SPY,626.3,626.34,619.29,621.72,140103600.0
2025-08-04,SPY,625.67,631.22,625.58,631.17,73218000.0
2025-08-05,SPY,631.79,632.61,627.04,627.97,68051400.0
2025-08-06,SPY,629.05,633.44,628.13,632.78,64357500.0
2025-08-07,SPY,636.24,636.98,629.11,632.25,74205800.0
2025-08-08,SPY,634.06,637.65,633.74,637.18,64051600.0
2025-08-11,SPY,637.46,638.95,634.66,635.92,58742300.0
2025-08-12,SPY,638.29,642.85,636.79,642.69,64730800.0
2025-08-13,SPY,644.91,646.19,642.68,644.89,60092800.0
2025-08-14,SPY,642.79,645.62,642.34,644.95,59327500.0
2025-08-15,SPY,645.99,646.09,642.52,643.44,68592500.0
2025-08-18,SPY,642.86,644.0,642.18,643.3,43804900.0
2025-08-19,SPY,643.12,644.11,638.48,639.81,69750700.0
2025-08-20,SPY,639.4,639.66,632.95,638.11,88890300.0
2025-08-21,SPY,636.28,637.97,633.81,635.55,54805800.0
2025-08-22,SPY,637.76,646.5,637.25,645.31,84083200.0
2025-08-25,SPY,644.04,645.29,642.35,642.47,51274332.0
2025-08-26,SPY,642.2,645.51,641.57,645.16,51581600.0
2025-08-27,SPY,644.57,647.37,644.42,646.63,48341100.0
2025-08-28,SPY,647.24,649.48,645.34,648.92,61519500.0
2025-08-29,SPY,647.47,647.84,643.14,645.05,74522200.0
2025-09-02,SPY,637.5,640.49,634.92,640.27,81983545.0
2025-09-03,SPY,642.67,644.21,640.46,643.74,70820900.0
2025-09-04,SPY,644.42,649.15,643.51,649.12,65219228.0
2025-09-05,SPY,651.48,652.21,643.33,647.24,85178935.0
2025-09-08,SPY,648.62,649.84,647.23,648.83,63133104.0
2025-09-09,SPY,648.97,650.86,647.22,650.33,66133900.0
2025-09-10,SPY,653.62,654.55,650.63,652.21,78034529.0
2025-09-11,SPY,654.18,658.33,653.59,657.63,69934400.0
2025-09-12,SPY,657.6,659.11,656.9,657.41,72780135.0
2025-09-15,SPY,659.64,661.04,659.34,660.91,63772412.0
2025-09-16,SPY,661.47,661.78,659.21,660.0,61169000.0
2025-09-17,SPY,660.01,661.72,654.3,659.18,101952244.0
2025-09-18,SPY,661.89,664.89,660.27,662.26,90459242.0
2025-09-19,SPY,662.33,664.55,660.37,663.7,97945620.0
2025-09-22,SPY,662.2,667.29,662.17,666.84,69452201.0
2025-09-23,SPY,666.72,667.34,661.98,663.21,81708900.0
2025-09-24,SPY,664.51,664.61,659.67,661.1,68082229.0
2025-09-25,SPY,657.94,659.41,654.41,658.05,89622100.0
2025-09-26,SPY,659.51,662.37,657.88,661.82,69179209.0
2025-09-29,SPY,664.36,665.28,661.86,663.68,73499015.0
2025-09-30,SPY,662.93,666.65,661.61,666.18,94151106.0
2025-10-01,SPY,663.17,669.37,663.06,668.45,72545400.0
2025-10-02,SPY,670.45,670.57,666.78,669.22,56896000.0
2025-10-03,SPY,669.99,672.68,668.16,669.21,70494400.0
2025-10-06,SPY,671.62,672.51,669.46,671.61,54623300.0
2025-10-07,SPY,672.54,672.99,667.67,669.12,72020100.0
2025-10-08,SPY,670.25,673.21,669.42,673.11,60702241.0
2025-10-09,SPY,673.53,673.94,669.21,671.16,66501941.0
2025-10-10,SPY,672.13,673.95,652.84,653.02,159422600.0
2025-10-13,SPY,660.65,665.13,659.77,663.04,79560517.0
2025-10-14,SPY,657.17,665.83,653.17,662.23,88779600.0
2025-10-15,SPY,666.82,670.23,658.93,665.17,81702600.0
2025-10-16,SPY,666.82,668.71,657.11,660.64,110563346.0
2025-10-17,SPY,659.5,665.76,658.14,664.39,96500900.0
2025-10-20,SPY,667.32,672.21,667.27,671.3,60493400.0
2025-10-21,SPY,671.44,672.99,669.98,671.29,56249034.0
2025-10-22,SPY,672.0,672.0,663.3,667.8,80564006.0
2025-10-23,SPY,668.12,672.71,667.8,671.76,65604500.0
2025-10-24,SPY,676.46,678.47,675.65,677.25,74356527.0
2025-10-27,SPY,682.73,685.54,682.12,685.24,63339800.0
2025-10-28,SPY,687.05,688.91,684.83,687.06,61738100.0
2025-10-29,SPY,688.72,689.7,682.87,687.39,85657100.0
2025-10-30,SPY,683.9,685.94,679.83,679.83,76335800.0
2025-10-31,SPY,685.04,685.08,679.24,682.06,87164122.0
2025-11-03,SPY,685.67,685.8,679.94,683.34,57315025.0
2025-11-04,SPY,676.11,679.96,674.58,675.24,78427000.0
2025-11-05,SPY,674.98,680.86,674.17,677.58,74402400.0
2025-11-06,SPY,676.47,677.38,668.72,670.31,85035300.0
2025-11-07,SPY,667.91,671.08,661.21,670.97,100592443.0
2025-11-10,SPY,677.24,682.18,675.03,681.44,75842900.0
2025-11-11,SPY,679.95,683.57,678.73,683.0,58953400.0
2025-11-12,SPY,684.79,684.96,680.95,683.38,62312500.0
2025-11-13,SPY,680.5,680.86,670.52,672.04,103457800.0
2025-11-14,SPY,665.38,675.66,663.27,671.93,96846700.0
2025-11-17,SPY,669.7,673.71,662.17,665.67,90456105.0
2025-11-18,SPY,662.1,665.12,655.86,660.08,114467500.0
2025-11-19,SPY,660.78,667.34,658.75,662.63,94703000.0
2025-11-20,SPY,672.91,675.56,651.89,652.53,165293521.0
2025-11-21,SPY,655.05,664.55,650.85,659.03,123956203.0
2025-11-24,SPY,662.69,670.06,661.59,668.73,80437940.0
2025-11-25,SPY,668.63,676.21,664.48,675.02,81077100.0
2025-11-26,SPY,677.63,681.7,676.72,679.68,71879600.0
2025-11-28,SPY,680.86,683.67,680.5,683.39,49212030.0
2025-12-01,SPY,678.81,682.99,678.74,680.27,61201200.0
2025-12-02,SPY,681.92,683.82,679.33,681.53,62953844.0
2025-12-03,SPY,680.57,684.91,679.69,683.89,57238500.0
2025-12-04,SPY,685.3,685.37,681.34,684.39,61970336.0
2025-12-05,SPY,685.47,688.39,684.58,685.69,79241045.0
2025-12-08,SPY,686.59,686.64,681.57,683.63,55231500.0
2025-12-09,SPY,683.15,685.39,682.59,683.04,58310100.0
2025-12-10,SPY,682.56,688.97,681.31,687.57,85671334.0
2025-12-11,SPY,685.14,689.25,682.17,689.17,86173700.0
2025-12-12,SPY,688.17,688.88,679.17,681.76,113160347.0
2025-12-15,SPY,685.74,685.76,679.25,680.73,90811000.0
2025-12-16,SPY,679.23,681.08,674.98,678.87,122030631.0
2025-12-17,SPY,679.89,680.44,671.2,671.4,110625200.0
2025-12-18,SPY,677.6,680.74,674.9,676.47,108650128.0
2025-12-19,SPY,676.59,681.09,676.47,680.59,103599543.0
2025-12-22,SPY,683.94,685.36,680.59,684.83,69556733.0
2025-12-23,SPY,683.92,688.2,683.87,687.96,64840000.0
2025-12-24,SPY,687.95,690.83,687.8,690.38,39445600.0
2025-12-26,SPY,690.64,691.66,689.27,690.31,41613347.0
2025-12-29,SPY,687.54,689.2,686.07,687.85,62559503.0
2025-12-30,SPY,687.45,688.56,686.58,687.01,47160700.0
2025-12-31,SPY,687.14,687.36,681.71,681.92,74144801.0
2026-01-02,SPY,685.71,686.87,679.82,683.17,89377203.0
2026-01-05,SPY,686.54,689.43,686.38,687.72,71927200.0
2026-01-06,SPY,687.93,692.32,687.78,691.81,69273827.0
2026-01-07,SPY,692.19,693.96,689.32,689.58,75588337.0
2026-01-08,SPY,688.82,690.62,687.49,689.51,64019200.0
2026-01-09,SPY,690.63,695.31,689.18,694.07,80125500.0
2026-01-12,SPY,690.68,696.09,690.63,695.16,63976002.0
2026-01-13,SPY,695.49,696.09,691.35,693.77,78309726.0
2026-01-14,SPY,691.0,691.72,686.04,690.36,94676700.0
2026-01-15,SPY,694.57,695.45,691.25,692.24,77862000.0
2026-01-16,SPY,693.66,694.25,690.1,691.66,79289200.0
2026-01-20,SPY,681.49,684.77,676.57,677.58,111623300.0
2026-01-21,SPY,679.65,688.74,678.13,685.4,127844500.0
2026-01-22,SPY,689.85,691.13,686.92,688.98,77112243.0
2026-01-23,SPY,688.15,690.96,687.16,689.23,63059600.0
2026-01-26,SPY,690.49,694.13,689.92,692.73,60473813.0
2026-01-27,SPY,694.18,696.53,693.57,695.49,55506147.0
2026-01-28,SPY,697.05,697.84,693.94,695.42,61172200.0
2026-01-29,SPY,696.39,697.06,684.83,694.04,97486200.0
2026-01-30,SPY,691.79,694.21,687.12,691.97,101835131.0
2026-02-02,SPY,689.58,696.93,689.42,695.41,79286521.0
2026-02-03,SPY,696.21,696.96,684.03,689.53,107904611.0
2026-02-04,SPY,690.35,691.45,681.76,686.19,105204600.0
2026-02-05,SPY,680.94,683.69,675.79,677.62,113610812.0
2026-02-06,SPY,681.46,692.31,680.85,690.62,89127600.0
2026-02-09,SPY,689.42,695.87,688.34,693.95,73885200.0
2026-02-10,SPY,694.95,696.54,691.66,692.12,65185725.0
2026-02-11,SPY,696.39,697.14,689.18,691.96,76353900.0
2026-02-12,SPY,694.24,695.35,680.37,681.27,118829000.0
2026-02-13,SPY,681.69,686.28,677.52,681.75,96267500.0
2026-02-17,SPY,680.14,684.94,675.78,682.85,81354700.0
2026-02-18,SPY,684.02,689.15,682.83,686.29,73570341.0
2026-02-19,SPY,683.84,686.18,681.55,684.48,58649400.0
2026-02-20,SPY,682.32,690.06,681.73,689.43,100034000.0
2026-02-23,SPY,687.83,690.0,680.37,682.39,90558100.0
2026-02-24,SPY,681.9,688.35,680.0,687.35,73798727.0
2026-02-25,SPY,690.18,693.68,690.1,693.15,56369500.0
2026-02-26,SPY,693.28,693.3,684.35,689.3,71671000.0
2026-02-27,SPY,683.09,686.86,681.64,685.99,83308900.0
2026-03-02,SPY,678.7,688.62,678.02,686.38,87477200.0
2026-03-03,SPY,675.06,682.61,669.66,680.33,105003113.0
2026-03-04,SPY,681.63,687.09,679.62,685.13,79182244.0
2026-03-05,SPY,682.08,685.53,675.61,681.31,106606500.0
2026-03-06,SPY,673.41,676.11,669.76,672.38,100687000.0
2026-03-09,SPY,666.39,679.92,662.39,678.27,102667711.0
2026-03-10,SPY,677.72,683.36,674.76,677.18,81505315.0
2026-03-11,SPY,677.58,680.08,673.34,676.33,68441700.0
2026-03-12,SPY,671.16,671.65,665.87,666.06,108882246.0
2026-03-13,SPY,669.27,672.34,661.36,662.29,97200242.0
2026-03-16,SPY,668.38,672.07,667.12,669.03,82023130.0
2026-03-17,SPY,672.39,674.44,669.7,670.79,87128044.0
2026-03-18,SPY,668.36,669.72,661.19,661.43,82062600.0
2026-03-19,SPY,656.97,662.98,655.17,659.8,111272539.0
2026-03-20,SPY,656.51,656.69,644.72,648.57,163617523.0
2026-03-23,SPY,658.07,662.62,653.94,655.38,134802732.0
2026-03-24,SPY,651.32,657.03,649.88,653.18,96457500.0
2026-03-25,SPY,658.67,660.89,654.24,656.82,90653800.0
2026-03-26,SPY,652.06,654.85,644.82,645.09,96494400.0
2026-03-27,SPY,642.5,642.66,633.11,634.09,103649400.0
2026-03-30,SPY,640.11,640.37,629.28,631.97,99275900.0
2026-03-31,SPY,638.94,651.54,637.98,650.34,152534103.0
2026-04-01,SPY,653.9,658.52,653.0,655.24,97841500.0
2026-04-02,SPY,646.42,658.2,645.11,655.83,68358713.0
2026-04-06,SPY,655.86,659.72,655.52,658.93,39105800.0
2026-04-07,SPY,656.65,659.61,651.06,659.22,69980400.0
2026-04-08,SPY,676.39,677.08,671.46,676.01,93606114.0
2026-04-09,SPY,674.84,681.16,673.77,679.91,57134445.0
2026-04-10,SPY,681.32,682.03,678.45,679.46,42253500.0
2026-04-13,SPY,677.41,686.3,676.58,686.1,54185819.0
2026-04-14,SPY,687.69,694.58,687.66,694.46,63480529.0
2026-04-15,SPY,695.26,700.28,694.2,699.94,58240400.0
2026-04-16,SPY,701.06,702.78,698.53,701.66,49972400.0
2026-04-17,SPY,706.14,712.39,705.76,710.14,70661926.0
2026-04-20,SPY,708.78,709.91,706.14,708.72,43546812.0
2026-04-21,SPY,710.28,711.28,702.64,704.08,58941400.0
2026-04-22,SPY,709.15,711.45,708.22,711.21,42518500.0
2026-04-23,SPY,709.5,712.36,702.28,708.45,56174000.0
2026-04-24,SPY,710.75,714.47,709.01,713.94,45182000.0
2026-04-27,SPY,713.17,715.63,712.3,715.17,33135943.0
2026-04-28,SPY,711.82,712.88,709.25,711.69,43117436.0
2026-04-29,SPY,711.0,712.2,708.37,711.58,41859227.0
2026-04-30,SPY,714.63,719.79,710.45,718.66,67240949.0
2026-05-01,SPY,721.25,724.87,720.47,720.65,43049849.0
2026-05-04,SPY,720.07,722.12,714.99,718.01,51950600.0
2026-05-05,SPY,721.77,725.04,721.49,723.77,36933226.0
2026-05-06,SPY,728.16,734.59,727.82,733.83,53288940.0
2026-05-07,SPY,735.05,736.13,729.75,731.58,51724642.0
2026-05-08,SPY,734.93,738.08,734.57,737.62,47227100.0
2026-05-11,SPY,736.45,740.79,736.45,739.3,44024000.0
2026-05-12,SPY,736.89,738.84,731.83,738.18,54185300.0
2026-05-13,SPY,738.47,743.91,735.47,742.31,44200203.0
2026-05-14,SPY,743.65,749.53,743.56,748.17,45307603.0
2026-05-15,SPY,741.79,743.46,737.96,739.17,60410800.0
2026-05-18,SPY,739.83,741.42,733.39,738.65,47843900.0
2026-05-19,SPY,734.78,737.65,731.53,733.73,54255913.0
2026-05-20,SPY,735.71,741.87,733.89,741.25,45768035.0
2026-05-21,SPY,738.64,744.87,737.03,742.72,43332225.0
2026-05-22,SPY,746.24,748.94,744.48,745.64,41762006.0
2026-05-26,SPY,750.01,752.13,748.37,750.59,41123621.0
2026-05-27,SPY,750.88,751.38,748.22,750.46,42106300.0
2026-05-28,SPY,750.25,755.15,749.23,754.6,41562600.0
2026-05-29,SPY,755.9,758.08,754.69,756.48,55075739.0
2026-06-01,SPY,755.36,760.28,754.69,758.54,43634933.0
2026-06-02,SPY,757.03,760.4,756.75,759.57,31581900.0
2026-06-03,SPY,758.15,758.8,753.57,754.24,51402518.0
2026-06-04,SPY,752.1,758.31,751.47,757.09,49923036.0
2026-06-05,SPY,752.31,752.82,735.53,737.55,93989416.0
2026-06-08,SPY,743.36,745.34,738.19,739.22,49319144.0
2026-06-09,SPY,743.63,746.9,722.59,737.05,87683517.0
2026-06-10,SPY,733.39,738.38,725.33,725.43,60341349.0
2026-06-11,SPY,728.76,740.0,724.41,737.76,86330522.0
2026-06-12,SPY,740.71,744.44,735.03,741.75,57079533.0
2026-06-15,SPY,751.85,756.68,751.76,754.83,60176425.0
2026-06-16,SPY,754.55,755.44,749.88,750.33,67093142.0
2026-06-17,SPY,751.29,752.15,739.22,740.96,85945227.0
2026-06-18,SPY,747.76,748.23,743.86,746.74,80875700.0
2026-06-22,SPY,747.7,750.18,743.13,744.39,46628100.0
2026-06-23,SPY,733.81,739.63,732.3,733.58,66846800.0
2026-06-24,SPY,735.17,739.95,730.84,733.24,57439507.0
2026-06-25,SPY,738.91,739.37,729.6,734.3,54128100.0
2026-06-26,SPY,728.95,736.53,716.58,728.99,71034000.0
2026-06-29,SPY,736.53,741.56,732.09,741.0,58035228.0
2026-06-30,SPY,741.29,748.02,740.89,746.77,55626035.0
2026-07-01,SPY,745.0,749.44,742.38,745.76,47100900.0
2026-07-02,SPY,747.4,751.31,740.03,744.78,57505953.0
2026-07-06,SPY,748.74,752.41,747.41,751.28,50673310.0
2026-07-07,SPY,750.22,750.96,745.21,747.71,43721500.0
2026-07-08,SPY,743.16,746.15,739.51,745.4,43767400.0
2026-07-09,SPY,747.35,751.97,745.59,751.71,41441718.0
2026-07-10,SPY,752.05,755.42,748.1,754.95,42191313.0
2026-07-13,SPY,752.47,753.91,748.0,749.17,44013628.0
2026-07-14,SPY,750.91,753.34,748.66,751.83,35143138.0
2026-07-15,SPY,754.24,755.58,750.2,754.81,43844800.0
2026-07-16,SPY,752.76,754.57,747.88,750.72,46409814.0
2026-07-17,SPY,742.08,747.29,740.8,743.29,62651000.0
2026-07-20,SPY,747.06,748.73,741.51,742.09,50422324.0
2026-07-21,SPY,746.29,749.04,744.18,748.28,34324300.0
2026-07-22,SPY,746.62,750.02,746.37,747.41,32836200.0
2026-07-23,SPY,739.37,742.56,735.21,738.18,55437332.0
2026-07-24,SPY,738.51,743.72,737.29,738.93,44782000.0
2026-07-27,SPY,744.91,745.53,735.87,739.09,41461200.0
2026-07-28,SPY,739.19,742.79,735.98,740.86,47322247.0
2026-07-29,SPY,739.97,742.68,729.1,729.46,70697215.0
2026-07-30,SPY,736.05,742.45,734.59,741.69,66811300.0
2026-07-31,SPY,744.68,748.9,737.68,747.03,62445900.0
2026-08-03,SPY,749.44,758.58,748.8,757.67,59927538.0
2026-08-04,SPY,760.63,773.41,760.52,771.33,69154800.0
2026-08-05,SPY,775.85,776.85,769.51,769.79,44689100.0
